zip,date_coe,street_no,street_dir,street,street_typ,unit_no,prop_type,id,property_id_given,property_id_found,property_id
97236,2007-01-16,16000,SE,POWELL,BLVD,35,Resid,1519,,M358627,M358627
97209,2006-03-03,1410,NW,Kearney,ST,1110,Resid,202,,R552337,R552337
97202,2006-02-18,4129,SE,Division,ST,,Comm,144,,P558092,P558092
97060,2006-03-01,23156,NE,HALSEY,ST,1,Resid,189,,M362224,M362224
97266,2006-03-07,2615,SE,109TH,AVE,,Resid,217,,R244308,R244308
97060,2006-04-06,946,SW,FOX,PL,49,Resid,334,,M360276,M360276
97230,2007-05-30,15420,NE,KNOTT,ST,#9,Resid,2251,,R310212,R310212
97214,2006-06-07,935,SE,16TH,AVE,# 9,Resid,604,,R580865,R580865
97209,2006-05-25,1410,NW,KEARNEY,ST,#1116,Resid,540,,R552343,R552343
97219,2006-05-29,8025,SW,57TH,AVE,,Resid,556,,P474524,P474524
97230,2007-06-25,18525,NE,MARINE,DR,#E-5,Resid,2422,,P599715,P599715
97060,2006-06-29,1440,NE,223RD,AVE,92,Resid,705,,M356825,M356825
97233,2006-07-07,12508,SE,STARK,ST,#D,Resid,746,,R106103,R106103
97230,2006-06-16,17440,NE,GLISAN,ST,1,Resid,657,,M358944,M358944
97217,2006-07-18,7333,N,GREELEY,AVE,,Comm,796,,P380750,P380750
97201,2006-08-07,1910,SW,18th,AVE,#30,Resid,875,,R127464,R127464
97202,2006-09-12,600,SE,MARION,ST,#504,Resid,1020,,R299664,R299664
97030,2006-09-26,900,NE,FRANCIS,AVE,32,Resid,1077,,M354799,M354799
97030,2006-09-18,900,NE,FRANCIS,AVE,68,Resid,1038,,M354983,M354983
97206,2006-09-07,6504,SE,FOSTER,RD,,Comm,1004,,P630556,P630556
97230,2010-04-22,18525,NE,Marine,DR,B-5,Resid,6638,,P616246,P616246
97202,2006-10-26,1654,SE,TACOMA,ST,,Comm,1219,,R267580,R267580
97024,2006-11-07,2632,NE,201ST,AVE,22,Resid,1270,,M359160,M359160
97219,2006-12-07,855,SW,Palatine Hill,RD,,Resid,1378,,R232905,R232905
97030,2006-12-13,900,NE,FRANCIS,AVE,66,Resid,1395,,M358460,M358460
97236,2006-11-20,16745,SE,DIVISION,ST,#199,Resid,1315,,M355808,M355808
97217,2007-01-10,2265,N,BROUGHTON,DR,,Resid,1494,,M357055,M357055
97030,2007-02-23,2980,NE,DIVISION,ST,27,Resid,1675,,M357978,M357978
97206,2007-04-01,2844,SE,50TH,AVE,,Resid,1877,,R590063,R590063
97239,2007-04-12,5110,SW,LANDING,DR,#205,Resid,1939,,R179266,R179266
97266,2007-03-30,8124,SE,Aspen Summit,DR,#76,Resid,1875,,R594056,R594056
97217,2007-03-26,12890,N,IMAGE CANOE,AVE,,Resid,1849,,M357084,M357084
97019,2010-03-12,43501,SE,HOGG MILL,RD,,Resid,6415,R343000,,R343000
97217,2007-04-19,2335,N,MARINE,DR,#6,Resid,1982,,P644883,P644883
97214,2007-05-08,2533,SE,BELMONT,ST,,Comm,2114,,R287781,R287781
97209,2007-06-01,1030,NW,JOHNSON,ST,#319,Resid,2267,,R501714,R501714
97206,2007-05-21,5118,SE,62ND,AVE,,Resid,2182,,P488364,P488364
97206,2007-05-22,5332,SE,HENDERSON,ST,,Resid,2190,,M352871,M352871
97060,2007-06-22,938,SW,Brianne,CIR,58,Resid,2403,,M575037,M575037
97209,2007-06-20,1400,NW,IRVING,ST,103,Resid,2391,,R555444,R555444
97239,2007-06-29,3601,SW,River,PKWY,2212,Resid,2464,,R594674,R594674
97209,2007-07-18,408,NW,12TH,AVE,#304,Resid,2562,,R215444,R215444
97209,2007-07-12,1926,W,Burnside,,802,Resid,2520,,R601517,R601517
97201,2007-08-23,111,SW,HARRISON,ST,23C,Resid,2768,,R596725,R596725
97239,2007-08-20,455,SW,HAMILTON,CT,#601,Resid,2755,,R504426,R504426
97205,2007-08-11,1221,SW,10th,AVE,712,Resid,2712,,R586595,R586595
97024,2007-12-28,1480,NE,VILLAGE,ST,,Comm,3281,R161425,,R161425
97024,2006-03-03,1495,NE,VILLAGE,ST,,Comm,200,R161445,,R161445
97024,2007-12-28,1505,NE,VILLAGE,ST,,Comm,3283,R161444,,R161444
97024,2006-01-31,2241,NE,205TH,AVE,,Resid,80,R611506,,R611506
97024,2006-09-29,2600,NE,205TH,AVE,,Resid,1096,R231188,,R231188
97220,2007-10-26,739,NE,93RD,AVE,,Resid,3043,,M352630,M352630
97201,2007-11-13,1930,SW,RIVER,DR,109,Resid,3101,,R600656,R600656
97233,2007-11-04,19850,SE,STARK,ST,#91,Resid,3080,,M358664,M358664
97024,2007-03-21,20149,NE,OREGON,ST,,Resid,1810,R660621,,R660621
97030,2008-01-14,900,NE,FRANCIS,AVE,36,Resid,3331,,M359466,M359466
97209,2008-02-15,420,NW,11TH,AVE,#720,Resid,3436,,R507286,R507286
97215,2008-03-07,8135,SE,MILL,ST,,Resid,3518,,P633021,P633021
97233,2008-03-14,19159,SE,YAMHILL,ST,#15,Resid,3535,,R577262,R577262
97201,2008-04-23,1930,SW,RIVER,DR,1102,Resid,3667,,R600717,R600717
97205,2008-05-27,731,SW,KING,AVE,#3,Resid,3794,,R198751,R198751
97239,2008-06-26,841,SW,Gaines,ST,345,Resid,3943,,R608949,R608949
97239,2008-06-27,841,SW,Gaines,ST,405,Resid,3951,,R608953,R608953
97239,2008-06-25,841,SW,Gaines,ST,407,Resid,3937,,R608954,R608954
97239,2008-06-30,841,SW,Gaines,ST,702,Resid,3961,,R608994,R608994
97239,2008-06-25,841,SW,Gaines,ST,802,Resid,3938,,R609003,R609003
97236,2008-06-20,16000,SE,POWELL,BLVD,23,Resid,3917,,M359670,M359670
97239,2008-08-04,5620,SW,RIVERSIDE,LN,#3,Resid,4106,,R308164,R308164
97266,2008-08-01,8217,SE,ASPEN SUMMIT,DR,#3,Resid,4099,,R593983,R593983
97215,2008-08-29,159,SE,73RD,AVE,,Resid,4206,,R615007,R615007
97030,2008-08-25,1771,NE,19TH,ST,,Resid,4185,,R141959,R141959
97219,2008-08-18,3038,SW,FLORIDA,CT,#B,Resid,4157,,R230611,R230611
97060,2008-09-04,1440,NE,223RD,AVE,35,Resid,4231,,M359470,M359470
97024,2013-06-02,22605,NE,HALSEY,ST,,Comm,13754,R239095,,R239095
97202,2008-09-30,3013,SE,WAVERLEIGH,BLVD,#3,Resid,4355,,R575736,R575736
97030,2009-11-11,45,NW,BURNSIDE,RD,,Comm,5872,R337366,,R337366
97030,2008-10-30,74,NW,AVA,AVE,,Comm,4481,R338665,,R338665
97239,2008-11-05,841,SW,Gaines,ST,107,Resid,4511,,R608899,R608899
97201,2008-10-31,2024,SW,HOWARDS,WAY,#401,Resid,4487,,R107011,R107011
97213,2008-11-06,6626,NE,SANDY,BLVD,,Comm,4513,,R113825,R113825
97030,2012-09-07,301,NE,30TH,DR,,Resid,11976,R104040,,R104040
97239,2009-01-15,848,SW,CURRY,ST,#110,Resid,4695,,R584479,R584479
97203,2009-01-30,6681,N,MEARS,ST,,Resid,4724,,R151094,R151094
97030,2012-07-31,345,NW,BURNSIDE,RD,,Comm,11675,R337432,,R337432
97030,2009-06-12,430,NE,5TH,ST,,Comm,5132,R314014,,R314014
97030,2013-06-17,530,E,POWELL,BLVD,,Comm,13870,R339209,,R339209
97030,2009-04-09,532,N,MAIN,AVE,,Comm,4911,R338982,,R338982
97205,2009-03-27,1234,SW,18th,AVE,505,Resid,4875,,R608368,R608368
97030,2006-12-11,611,E,POWELL,BLVD,,Comm,1386,R314087,,R314087
97030,2011-06-17,715,NE,HOOD,AVE,,Comm,9088,R338970,,R338970
97024,2009-05-13,2742,NE,201ST,AVE,1,Resid,5013,,M486627,M486627
97266,2009-05-06,8819,SE,ELLIS,ST,2,Resid,4995,,R587217,R587217
97236,2009-05-26,16000,SE,POWELL,BLVD,31,Resid,5059,,M359669,M359669
97230,2009-06-10,14308,NE,SANDY,BLVD,#42,Resid,5127,,M361564,M361564
97210,2009-06-25,2747,NW,RALEIGH,ST,#2,Resid,5204,,R593908,R593908
97030,2008-03-13,933,W,POWELL,BLVD,,Resid,3526,R239909,,R239909
97030,2008-07-30,1024,NE,DIVISION,ST,,Comm,4075,R121670,,R121670
97266,2009-07-21,3441,SE,111th,AVE,7,Resid,5325,,M356395,M356395
97205,2009-08-28,1234,SW,18th,AVE,407,Resid,5509,,R608360,R608360
97210,2009-08-21,2531,NW,WESTOVER,RD,,Resid,5478,,R498353,R498353
97202,2009-08-24,4030,SE,IVON,ST,#3,Resid,5485,,R606940,R606940
97203,2009-08-18,7646,N,WILLAMETTE,BLVD,,Resid,5453,,R632501,R632501
97218,2009-10-02,4724,NE,68TH,AVE,,Resid,5691,,R232474,R232474
97060,2009-11-11,1440,NE,223RD,AVE,65,Resid,5873,,M353706,M353706
97236,2009-11-18,16000,SE,POWELL,BLVD,55,Resid,5917,,M359758,M359758
97030,2013-04-02,2564,NE,BEECH,AVE,,Resid,13294,R104186,,R104186
97210,2010-01-25,722,NW,24TH,AVE,101,Resid,6212,,R632246,R632246
97030,2012-02-10,21016,SE,STARK,ST,,Resid,10440,R207653,,R207653
97060,2010-04-24,773,SW,CRESTVIEW,WAY,,Resid,6654,,M360260,M360260
97060,2010-05-10,1092,SW,LIVINGSTON,PL,,Resid,6757,,M358332,M358332
97266,2010-05-03,8819,SE,ELLIS,ST,#6,Resid,6723,,R587221,R587221
97035,2014-11-24,8505,SE,STARK,ST,,Comm,17666,R284601,,R284601
97056,2006-08-18,27448,NW,ST HELENS,RD,,Resid,919,R326186,,R326186
97060,2013-09-09,366,NW,FRONTAGE,RD,,Comm,14539,R237063,,R237063
97220,2010-09-13,10623,NE,FREMONT,ST,#6,Resid,7514,,R563284,R563284
97060,2010-10-19,2286,SW,29TH,ST,,Resid,7692,,M361985,M361985
97206,2010-10-15,7227,SE,FLAVEL,ST,#46,Resid,7680,,M358526,M358526
97215,2010-11-03,2373,SE,44TH,AVE,204,Resid,7780,,R587199,R587199
97080,2010-10-28,4851,SE,3rd,CT,,Resid,7745,,R592149,R592149
97232,2010-11-15,1510,NE,19TH,AVE,#1,Resid,7839,,R126011,R126011
97213,2010-12-21,6525,NE,ALAMEDA,ST,,Resid,8007,,P578015,P578015
97209,2011-01-14,725,NW,FLANDERS,ST,#206,Resid,8128,,R163900,R163900
97060,2013-08-15,1440,NE,223RD,AVE,,Resid,14356,R322049,,R322049
97060,2006-07-31,1440,NE,223RD,AVE,,Resid,841,R322049,,R322049
97209,2011-02-11,821,NW,11TH,AVE,#207,Resid,8266,,R257447,R257447
97060,2013-03-27,23331,NE,HALSEY,ST,,Comm,13248,R320998,,R320998
97205,2011-04-05,1221,SW,10TH,AVE,1212,Resid,8581,,R586663,R586663
97080,2007-12-20,140,SE,ROBERTS,AVE,,Resid,3250,R287160,,R287160
97210,2011-06-30,1938,NW,27TH,AVE,,Comm,9174,,R227154,R227154
97209,2011-07-15,411,NW,FLANDERS,ST,#302,Resid,9245,,R517699,R517699
97024,2011-08-04,2648,NE,201ST,AVE,7,Resid,9383,,M358894,M358894
97202,2011-09-02,3424,SE,CLAYBOURNE,ST,,Resid,9563,,P648413,P648413
97202,2011-09-20,7400,SE,MILWAUKIE,AVE,,Comm,9652,,P407518,P407518
97080,2007-05-01,1771,SW,LILLYBEN,AVE,,Resid,2068,R116485,,R116485
97080,2012-07-06,1949,SE,PALMQUIST,RD,,Resid,11488,R339941,,R339941
97060,2011-10-07,913,SW,LIVINGSTON,PL,,Resid,9768,,M361436,M361436
97209,2011-11-01,133,NW,18TH,AVE,4,Resid,9928,,R495953,R495953
97219,2011-11-23,6825,SW,CAPITOL HILL,RD,#24,Resid,10054,,R127165,R127165
97080,2006-11-10,2515,E,POWELL,BLVD,,Comm,1276,R339502,,R339502
97030,2012-01-08,720,SE,221ST,AVE,,Resid,10266,,R291606,R291606
97229,2012-01-05,10217,NW,EDGEWOOD,DR,#47,Resid,10255,,R505913,R505913
97218,2012-01-20,6020,NE,60TH,AVE,,Comm,10327,,R317413,R317413
97203,2012-02-14,8008,N,BURLINGTON,AVE,,Resid,10459,,R591888,R591888
97203,2012-02-06,8071,N,LEAVITT,AVE,#14-1,Resid,10420,,R591918,R591918
97209,2012-03-02,300,NW,8TH,AVE,1000,Resid,10564,,R489549,R489549
97233,2012-03-13,19171,SE,YAMHILL,ST,#4,Resid,10631,,R569508,R569508
97030,2012-03-23,220,NE,VILLAGE SQUIRE,AVE,#2,Resid,10694,,R123341,R123341
97217,2012-03-21,429,N,BRIDGETON,RD,#3,Resid,10687,,P351225,P351225
97080,2008-10-28,4625,SE,HONORS,PL,,Resid,4467,R542259,,R542259
97215,2012-04-03,4430,SE,HAWTHORNE,BLVD,,Comm,10773,,R602942,R602942
97080,2012-04-19,4708,SE,4th,TER,,Resid,10865,,R592129,R592129
97080,2010-03-19,7741,SE,282ND,AVE,,Comm,6453,R341045,,R341045
97266,2012-05-11,2772,SE,87th,AVE,#B,Resid,11055,,R577570,R577570
97229,2012-05-04,3165,NW,SKYLINE,BLVD,#3,Resid,10999,,R617502,R617502
97220,2012-04-30,8902,NE,MILTON,ST,,Resid,10962,,P381531,P381531
97080,2013-04-05,27333,SE,ORIENT,DR,,Comm,13318,R341041,,R341041
97080,2014-11-04,28500,SE,ORIENT,DR,,Comm,17512,R342132,,R342132
97080,2007-10-09,30021,SE,ORIENT,DR,,Comm,2979,R342194,,R342194
97080,2014-08-01,34911,SE,HOMAN,RD,,Resid,16815,R341828,,R341828
97229,2012-06-06,2530,NW,MILLER,RD,#23,Resid,11244,,R506069,R506069
97266,2012-06-01,4640,SE,87TH,AVE,,Resid,11220,,P494169,P494169
97201,2006-05-18,1115,SW,MYRTLE,CT,,Resid,506,R127334,,R127334
97201,2013-03-15,1640,SW,MONTGOMERY,ST,,Resid,13153,R507888,,R507888
97206,2012-06-29,5321,SE,MALDEN,ST,,Resid,11451,,M360613,M360613
97201,2011-05-09,2004,SW,18TH,AVE,,Resid,8790,R128464,,R128464
97201,2006-10-26,2024,SW,HOWARDS,WAY,,Resid,1217,R106994,,R106994
97201,2006-07-19,2226,SW,15TH,AVE,,Resid,800,R246701,,R246701
97211,2012-08-02,13,NE,WYGANT,ST,,Resid,11704,,R211508,R211508
97201,2009-01-15,2718,SW,KELLY,AVE,,Comm,4693,R128822,,R128822
97060,2012-08-28,3030,SW,EMERALD,LN,25,Resid,11892,,M361983,M361983
97211,2012-09-15,2901,NE,Marine,DR,A10,Resid,12043,,P589286,P589286
97214,2012-09-19,1411,SE,30TH,AVE,#8,Resid,12060,,R598709,R598709
97202,2007-09-25,1133,SE,BUSH,ST,,Comm,2918,R114732,,R114732
97202,2012-08-17,1133,SE,BUSH,ST,,Comm,11814,R114732,,R114732
97202,2014-09-05,1212,SE,SPOKANE,ST,,Comm,17069,R267212,,R267212
97202,2012-02-14,1237,SE,LAFAYETTE,ST,,Resid,10458,R652350,,R652350
97202,2006-09-05,1554,SE,TACOMA,ST,,Comm,989,R267485,,R267485
97236,2012-11-26,2714,SE,138TH,AVE,#58,Resid,12547,,R139661,R139661
97202,2012-02-01,1605,SE,MALDEN,ST,,Resid,10399,R653087,,R653087
97209,2012-12-04,1260,NW,NAITO,PKWY,#103,Resid,12602,,R618608,R618608
97217,2012-12-17,1348,N,ROSA PARKS,WAY,,Resid,12686,,R250319,R250319
97266,2012-12-14,9216,SE,RAMONA,ST,,Comm,12676,,P405443,P405443
97202,2009-12-14,1626,SE,DUKE,ST,,Comm,6042,R134465,,R134465
97202,2013-03-20,1640,SE,TACOMA,ST,,Comm,13187,R267579,,R267579
97202,2010-06-30,1710,SE,TACOMA,ST,,Comm,7109,R267792,,R267792
97202,2012-11-16,1903,SE,HARNEY,ST,,Resid,12488,R652195,,R652195
97202,2011-06-07,1906,SE,REX,ST,,Resid,9003,R303963,,R303963
97219,2013-02-01,4340,SW,DICKINSON,ST,#27,Resid,12903,,R166388,R166388
97266,2013-01-11,7316,SE,83rd,AVE,,Resid,12815,,R108876,R108876
97202,2007-08-06,2514,SE,21ST,AVE,,Comm,2683,R178952,,R178952
97239,2013-02-28,841,SW,GAINES,ST,2106,Resid,13071,,R609098,R609098
97202,2010-06-05,2929,SE,POWELL,BLVD,,Comm,6976,R298808,,R298808
97217,2013-03-15,2301,N,Menzies,DR,,Resid,13165,,M356881,M356881
97202,2014-09-10,3021,SE,DIVISION,ST,,Comm,17095,R326437,,R326437
97209,2013-03-28,1260,NW,NAITO,PKWY,#701,Resid,13260,,R618733,R618733
97233,2013-04-02,12506,SE,STARK,ST,A,Resid,13298,,R106092,R106092
97209,2013-04-25,1260,NW,NAITO,PKWY,#309,Resid,13447,,R618659,R618659
97202,2006-05-18,3345,SE,MILWAUKIE,AVE,,Comm,507,R146565,,R146565
97202,2009-07-15,3393,SE,21ST,AVE,,Comm,5292,R271514,,R271514
97202,2009-06-19,3507,SE,22ND,AVE,,Comm,5170,R271535,,R271535
97202,2012-10-19,3605,SE,26TH,AVE,,Comm,12290,R328070,,R328070
97209,2013-05-10,1260,NW,NAITO,PKWY,#503,Resid,13572,,R618697,R618697
97202,2008-08-04,3724,SE,GLADSTONE,ST,,Comm,4100,R308585,,R308585
97202,2007-06-11,3772,SE,9TH,AVE,,Resid,2325,R114682,,R114682
97215,2013-06-27,8013,SE,MORRISON,ST,#3,Resid,13961,,R531790,R531790
97231,2013-06-21,23856,NW,ST HELENS,RD,M-50,Resid,13926,,P349617,P349617
97202,2011-09-23,3827,SE,GLADSTONE,ST,,Comm,9672,R308443,,R308443
97209,2013-07-05,1030,NW,12TH,,224,Resid,14036,,R518370,R518370
97210,2013-07-09,1413,NW,23RD,AVE,7,Resid,14051,,R602749,R602749
97202,2009-03-03,4130,SE,STEELE,ST,,Resid,4812,R335952,,R335952
97209,2013-10-04,1260,NW,NAITO,PKWY,#210,Resid,14726,,R618636,R618636
97202,2007-05-11,5204,SE,38TH,AVE,,Resid,2129,R626004,,R626004
97239,2013-11-15,5111,SW,CORBETT,AVE,#J,Resid,15033,,R608892,R608892
97236,2013-12-12,3930,SE,162ND,AVE,#13,Resid,15189,,M361765,M361765
97211,2013-12-23,8,NE,KILLINGSWORTH,ST,,Comm,15266,,P382157,P382157
97202,2014-04-25,7625,SE,22ND,AVE,,Resid,15995,R304226,,R304226
97214,2014-03-24,1304,SE,ASH,ST,#A,Resid,15766,,R167843,R167843
97202,2010-04-12,8415,SE,17TH,AVE,,Comm,6572,R267614,,R267614
97202,2014-04-03,8515,SE,16TH,AVE,,Resid,15837,R267432,,R267432
97203,2008-02-17,4033,N,WILLAMETTE,BLVD,,Resid,3442,R219813,,R219813
97030,2014-05-15,2589,NE,RENE,AVE,#37-A,Resid,16163,,R607862,R607862
97203,2013-12-31,4706,N,LOMBARD,ST,,Comm,15317,R587714,,R587714
97202,2014-05-30,6901,SE,Oaks Park,WAY,E,Resid,16279,,P349039,P349039
97203,2013-07-19,5287,N,LOMBARD,ST,,Comm,14122,R248748,,R248748
97202,2014-06-20,4228,SE,MILWAUKIE,AVE,,Comm,16468,,P403692,P403692
97202,2014-06-15,8235,SE,17TH,AVE,,Comm,16425,,P408185,P408185
97203,2009-09-23,6275,N,ASTOR,ST,,Resid,5625,R151171,,R151171
97236,2014-06-27,16745,SE,DIVISION,ST,#175,Resid,16537,,M356928,M356928
97203,2012-04-05,6807,N,AMHERST,ST,,Resid,10786,R652237,,R652237
97203,2014-10-10,6935,N,FESSENDEN,ST,,Comm,17337,R151493,,R151493
97203,2012-07-16,7525,N,RICHMOND,AVE,,Comm,11561,R324127,,R324127
97203,2009-12-10,7541,N,DWIGHT,AVE,,Resid,6024,R639824,,R639824
97060,2014-09-03,735,SW,SUNSET,WAY,,Resid,17052,,M360387,M360387
97203,2007-03-02,8036,N,FESSENDEN,ST,,Comm,1716,R245246,,R245246
97203,2014-03-28,8037,N,LOMBARD,ST,,Comm,15793,R127182,,R127182
97209,2014-09-25,311,NW,12TH,AVE,805,Resid,17210,,R608546,R608546
97203,2008-01-31,8302,N,LOMBARD,ST,,Comm,3383,R540724,,R540724
97203,2013-04-01,8311,N,NEWMAN,AVE,,Resid,13287,R167745,,R167745
97203,2007-03-20,8410,N,SWENSON,ST,,Resid,1805,R228838,,R228838
97203,2008-08-05,8620,N,LOMBARD,ST,,Comm,4109,R191983,,R191983
97203,2013-02-01,9009,N,CHARLESTON,AVE,,Resid,12900,R323707,,R323707
97080,2014-11-21,1949,SE,PALMQUIST,RD,55,Resid,17642,,M361224,M361224
97231,2014-11-14,23856,NW,St Helens,RD,M-50,Resid,17593,,P349617,P349617
97203,2006-06-09,9304,N,PORTSMOUTH,AVE,,Resid,610,R137350,,R137350
97030,2014-12-10,4848,W,POWELL,BLVD,#101,Resid,17765,,R157238,R157238
97266,2014-12-05,12038,SE,BUSH,ST,#B,Resid,17755,,R600456,R600456
97019,2007-08-02,34525,SE,KIMBLEY,RD,,Resid,2666,R341226,,R341226
97203,2010-02-19,10550,N,MIDWAY,AVE,,Resid,6311,R151261,,R151261
97204,2008-09-18,1220,SW,3RD,AVE,,Comm,4285,R246137,,R246137
97205,2013-05-01,1916,SW,MADISON,ST,,Comm,13497,R105790,,R105790
97206,2011-11-16,2504,SE,50TH,AVE,,Comm,9990,R241356,,R241356
97206,2013-01-31,2505,SE,70TH,AVE,,Resid,12887,R657681,,R657681
97206,2013-11-26,2702,SE,81ST,AVE,,Comm,15102,R152087,,R152087
97206,2013-06-21,3307,SE,50TH,AVE,,Comm,13914,R142706,,R142706
97206,2012-05-17,3636,SE,73RD,AVE,,Resid,11093,R652837,,R652837
97206,2013-10-11,3826,SE,50TH,AVE,,Resid,14783,R298289,,R298289
97206,2008-06-17,4036,SE,65TH,AVE,,Resid,3901,R204492,,R204492
97206,2006-06-15,4716,SE,POWELL,BLVD,,Comm,644,R332984,,R332984
97206,2013-10-02,4800,SE,61ST,AVE,,Resid,14715,R664296,,R664296
97206,2012-06-22,4803,SE,64TH,AVE,,Comm,11378,R108347,,R108347
97206,2006-03-01,5015,SE,77TH,AVE,,Resid,190,R133299,,R133299
97206,2010-04-14,5250,SE,IVON,ST,,Resid,6587,R332971,,R332971
97206,2011-12-28,5309,SE,FRANCIS,ST,,Comm,10218,R105892,,R105892
97206,2006-02-23,5406,SE,BYBEE,BLVD,,Resid,156,R592291,,R592291
97206,2012-11-05,5414,SE,MALL,ST,,Resid,12415,R658890,,R658890
97206,2006-09-15,5445,SE,HARNEY,DR,,Resid,1030,R623607,,R623607
97206,2007-07-31,5511,SE,WOODSTOCK,BLVD,,Comm,2647,R289223,,R289223
97206,2007-01-03,5518,SE,PARDEE,ST,,Resid,1465,R110700,,R110700
97206,2008-09-26,5618,SE,MALDEN,ST,,Resid,4333,R144727,,R144727
97206,2007-05-11,5634,SE,51ST,AVE,,Resid,2131,R614296,,R614296
97206,2011-03-15,5828,SE,SCHILLER,ST,,Resid,8443,R110454,,R110454
97206,2009-02-20,6029,SE,57TH,AVE,,Resid,4782,R626091,,R626091
97206,2008-11-26,6130,SE,DUKE,ST,,Comm,4581,R336095,,R336095
97206,2008-03-21,6156,SE,LEXINGTON,ST,,Resid,3567,R144843,,R144843
97206,2006-04-12,6215,SE,49TH,AVE,,Resid,358,R313106,,R313106
97206,2007-06-20,7238,SE,64TH,AVE,,Resid,2390,R120596,,R120596
97206,2008-04-28,7305,SE,SHERRETT,ST,,Resid,3684,R209953,,R209953
97206,2014-04-03,7435,SE,52ND,AVE,,Comm,15840,R157908,,R157908
97206,2011-03-23,7474,SE,72ND,AVE,,Comm,8498,R336319,,R336319
97206,2013-12-19,7477,SE,52ND,AVE,,Comm,15233,R157911,,R157911
97206,2010-05-07,7607,SE,TOLMAN,ST,,Resid,6743,R640030,,R640030
97206,2010-10-29,7751,SE,72ND,AVE,,Resid,7755,R336482,,R336482
97206,2012-07-11,7803,SE,POWELL,BLVD,,Comm,11520,R249488,,R249488
97206,2010-12-29,7832,SE,62ND,AVE,,Resid,8043,R181296,,R181296
97206,2013-09-10,7901,SE,POWELL,BLVD,,Comm,14553,R333109,,R333109
97206,2012-03-26,8044,SE,BOISE,ST,,Comm,10708,R199973,,R199973
97206,2012-01-13,8101,SE,FLAVEL,ST,,Comm,10289,R336500,,R336500
97206,2011-12-22,8126,SE,78TH,AVE,,Resid,10204,R266016,,R266016
97209,2012-04-13,5,NW,5TH,AVE,,Comm,10835,R140467,,R140467
97209,2007-06-27,338,NW,6TH,AVE,,Comm,2437,R140455,,R140455
97209,2008-01-18,1125,NW,21ST,AVE,,Comm,3346,R141328,,R141328
97209,2014-06-16,1142,NW,JOHNSON,ST,,Resid,16428,R239128,,R239128
97209,2007-12-07,1639,NW,GLISAN,ST,,Comm,3208,R140792,,R140792
97209,2014-07-02,1811,NW,COUCH,ST,,Resid,16573,R577770,,R577770
97209,2012-03-15,2037,NW,LOVEJOY,ST,,Comm,10644,R225940,,R225940
97210,2006-07-07,126,NW,MAYWOOD,DR,,Resid,741,R263753,,R263753
97210,2011-01-01,604,NW,MARLBOROUGH,AVE,,Resid,8067,R263794,,R263794
97210,2011-10-21,740,NW,MACLEAY,BLVD,,Resid,9857,R198362,,R198362
97210,2012-02-09,1617,NW,24TH,AVE,,Resid,10438,R171379,,R171379
97210,2011-03-17,1623,NW,28TH,AVE,,Resid,8458,R308004,,R308004
97210,2012-02-28,1905,NW,23RD,PL,,Comm,10532,R309835,,R309835
97210,2007-07-03,2107,NW,23RD,AVE,,Comm,2474,R227114,,R227114
97210,2013-02-15,2121,NW,23RD,AVE,,Comm,12964,R227116,,R227116
97210,2006-10-05,2124,NW,WILSON,ST,,Comm,1119,R116953,,R116953
97210,2009-07-15,2445,NW,WESTOVER,RD,,Resid,5295,R304500,,R304500
97210,2010-09-02,2445,NW,WESTOVER,RD,,Resid,7461,R304500,,R304500
97210,2006-06-19,2445,NW,WESTOVER,RD,,Resid,658,R304500,,R304500
97210,2011-11-30,2534,NW,VAUGHN,ST,,Comm,10073,R110451,,R110451
97210,2011-11-28,2661,NW,THURMAN,ST,,Comm,10057,R111206,,R111206
97210,2012-05-02,2872,NW,CUMBERLAND,RD,,Resid,10975,R304698,,R304698
97210,2011-04-20,5947,NW,CORNELL,RD,,Resid,8661,R223172,,R223172
97211,2010-12-17,55,NE,BRIDGETON,RD,,Resid,7986,R314321,,R314321
97211,2010-05-06,84,NE,KILLINGSWORTH,ST,,Comm,6736,R297915,,R297915
97211,2011-05-24,225,NE,MIDDLEFIELD,RD,,Comm,8897,R218040,,R218040
97211,2006-12-22,448,NE,LOMBARD,ST,,Comm,1430,R155410,,R155410
97211,2012-03-07,448,NE,LOMBARD,ST,,Comm,10595,R155410,,R155410
97211,2011-03-17,511,NE,LOMBARD,ST,,Comm,8461,R155420,,R155420
97211,2014-08-11,517,NE,CHURCH,ST,,Resid,16866,R136623,,R136623
97211,2013-10-25,602,NE,PRESCOTT,ST,,Comm,14879,R207240,,R207240
97211,2007-02-16,814,NE,DEKUM,ST,,Comm,1652,R311519,,R311519
97211,2010-05-12,1452,NE,ALBERTA,ST,,Comm,6773,R240221,,R240221
97211,2009-09-14,1540,NE,KILLINGSWORTH,ST,,Comm,5590,R294866,,R294866
97211,2012-05-25,1760,NE,DEKUM,ST,,Comm,11159,R138565,,R138565
97211,2013-02-25,2511,NE,HIGHLAND,ST,,Resid,13033,R656515,,R656515
97211,2009-04-02,3256,NE,COLUMBIA,BLVD,,Comm,4896,R279964,,R279964
97211,2006-04-21,4227,NE,6TH,AVE,,Resid,396,R592348,,R592348
97211,2011-05-20,4912,NE,13TH,AVE,,Resid,8885,R102820,,R102820
97211,2006-11-27,4933,NE,22ND,AVE,,Comm,1336,R295346,,R295346
97211,2013-07-01,5435,NE,38TH,AVE,,Resid,14010,R661785,,R661785
97211,2010-11-05,5533,NE,9TH,AVE,,Resid,7794,R645782,,R645782
97211,2010-12-06,5533,NE,9TH,AVE,,Resid,7936,R645782,,R645782
97211,2010-01-27,5804,NE,15TH,AVE,,Resid,6224,R644928,,R644928
97211,2013-06-21,5805,NE,23RD,AVE,,Resid,13918,R652994,,R652994
97211,2007-09-26,9410,NE,GERTZ,CT,,Resid,2925,R271832,,R271832
97212,2006-02-14,16,NE,SHAVER,ST,,Comm,124,R625878,,R625878
97212,2011-04-15,424,NE,MORRIS,ST,,Resid,8627,R580279,,R580279
97212,2012-04-17,541,NE,TILLAMOOK,ST,,Resid,10855,R657991,,R657991
97212,2008-11-25,632,NE,RUSSELL,ST,,Resid,4572,R101891,,R101891
97212,2009-09-30,633,NE,SCHUYLER,ST,,Comm,5669,R182541,,R182541
97212,2014-12-01,1120,NE,SCHUYLER,ST,,Resid,17711,R191084,,R191084
97212,2008-06-23,2627,NE,M L KING,BLVD,,Comm,3919,R102211,,R102211
97212,2010-11-24,2736,NE,RODNEY,AVE,,Comm,7883,R102157,,R102157
97212,2014-09-12,2817,NE,HAMBLET,ST,,Resid,17122,R655473,,R655473
97212,2012-12-14,2831,NE,M L KING,BLVD,,Comm,12665,R102123,,R102123
97212,2007-07-31,2859,NE,RODNEY,AVE,,Comm,2651,R102487,,R102487
97212,2014-06-27,3425,NE,29TH,AVE,,Resid,16524,R166638,,R166638
97212,2013-08-16,3525,NE,M L KING,BLVD,,Comm,14386,R102956,,R102956
97212,2010-04-14,3636,NE,M L KING,BLVD,,Comm,6589,R632748,,R632748
97212,2012-12-11,3707,NE,FREMONT,ST,,Comm,12648,R166771,,R166771
97212,2012-07-15,3707,NE,FREMONT,ST,,Comm,11558,R166771,,R166771
97212,2010-11-09,3913,NE,HANCOCK,ST,,Comm,7807,R625123,,R625123
97212,2006-12-22,4025,NE,GARFIELD,AVE,,Resid,1431,R102988,,R102988
97212,2011-09-14,4110,NE,TILLAMOOK,ST,,Comm,9623,R262735,,R262735
97213,2012-06-15,35,NE,55TH,AVE,,Resid,11315,R659028,,R659028
97213,2013-12-31,524,NE,71ST,AVE,,Resid,15321,R193755,,R193755
97213,2013-07-23,1158,NE,69TH,AVE,,Resid,14146,R193643,,R193643
97213,2014-10-13,2907,NE,63RD,AVE,,Comm,17355,R113934,,R113934
97213,2013-12-29,3304,NE,50TH,AVE,,Resid,15297,R260898,,R260898
97213,2007-05-20,3305,NE,46TH,AVE,,Resid,2178,R260981,,R260981
97213,2013-12-27,4424,NE,GLISAN,ST,,Comm,15290,R212343,,R212343
97213,2010-10-30,4434,NE,SANDY,BLVD,,Comm,7767,R262746,,R262746
97213,2011-09-15,4722,NE,GLISAN,ST,,Comm,9631,R165752,,R165752
97213,2014-01-28,6034,NE,HOLLADAY,ST,,Comm,15453,R281753,,R281753
97213,2011-06-03,7440,NE,SISKIYOU,ST,,Resid,8991,R220998,,R220998
97213,2007-07-06,7515,NE,GLISAN,ST,,Comm,2487,R202395,,R202395
97214,2006-09-01,101,SE,12TH,AVE,,Comm,982,R150535,,R150535
97214,2012-01-06,235,SE,30TH,AVE,,Comm,10264,R214633,,R214633
97214,2008-01-04,400,SE,26TH,AVE,,Resid,3306,W330823,,W330823
97214,2012-06-12,637,SE,HARRISON,ST,,Comm,11279,R275895,,R275895
97214,2014-10-14,700,SE,HAWTHORNE,BLVD,,Comm,17363,R275928,,R275928
97214,2012-03-06,906,SE,HARRISON,ST,,Comm,10586,R276024,,R276024
97214,2014-11-21,930,SE,SANDY,BLVD,,Comm,17650,R150428,,R150428
97214,2007-02-01,1225,SE,OAK,ST,,Resid,1583,R100636,,R100636
97214,2011-08-01,1313,SE,BELMONT,ST,,Comm,9367,R150603,,R150603
97214,2011-05-16,1834,SE,41ST,AVE,,Resid,8843,R211901,,R211901
97214,2006-03-10,1910,SE,11TH,AVE,,Comm,237,R276139,,R276139
97214,2010-07-02,2006,SE,ANKENY,ST,,Comm,7127,R123171,,R123171
97214,2012-05-18,2046,SE,28TH,PL,,Resid,11109,R112450,,R112450
97214,2011-04-05,2337,SE,ANKENY,ST,,Comm,8583,R197332,,R197332
97214,2008-04-30,2422,SE,9TH,AVE,,Comm,3698,R276041,,R276041
97214,2012-02-10,2422,SE,HAWTHORNE,BLVD,,Comm,10445,R178537,,R178537
97214,2007-04-25,2534,SE,BELMONT,ST,,Comm,2014,R287873,,R287873
97214,2012-04-27,2637,SE,BELMONT,ST,,Comm,10941,R175609,,R175609
97215,2011-04-20,246,SE,75TH,AVE,,Resid,8663,R222128,,R222128
97215,2007-07-13,515,SE,47TH,AVE,,Resid,2534,R233441,,R233441
97215,2011-08-15,707,SE,48TH,AVE,,Resid,9453,R202066,,R202066
97215,2012-01-12,1010,SE,49TH,AVE,,Resid,10281,R332747,,R332747
97215,2013-02-28,1314,SE,44TH,AVE,,Resid,13064,R169633,,R169633
97215,2006-04-18,1510,SE,74TH,AVE,,Resid,386,R588617,,R588617
97215,2013-03-22,1619,SE,48TH,AVE,,Resid,13220,R176649,,R176649
97215,2009-08-30,1810,SE,74TH,AVE,,Resid,5518,R136168,,R136168
97215,2007-06-11,2355,SE,43RD,AVE,,Resid,2329,R153974,,R153974
97215,2010-09-24,5340,SE,LINCOLN,ST,,Comm,7572,R174315,,R174315
97215,2014-10-10,5711,E,BURNSIDE,ST,,Comm,17344,R281540,,R281540
97215,2012-10-25,5711,E,BURNSIDE,ST,,Comm,12334,R281540,,R281540
97215,2010-04-21,6541,SE,STARK,ST,,Resid,6625,R282929,,R282929
97215,2011-07-29,6839,SE,BELMONT,ST,,Comm,9351,R283089,,R283089
97215,2010-01-20,7936,SE,WASHINGTON,ST,,Resid,6188,R641333,,R641333
97215,2013-11-07,7940,SE,STARK,ST,,Comm,14966,R199085,,R199085
97216,2007-11-14,322,SE,82ND,AVE,,Comm,3107,R284539,,R284539
97216,2014-08-08,830,SE,102ND,AVE,,Comm,16857,R149784,,R149784
97216,2006-12-29,8306,SE,TAYLOR,CT,,Resid,1450,R611094,,R611094
97216,2008-08-15,8405,SE,TAYLOR,ST,,Resid,4151,R629703,,R629703
97216,2006-11-03,8603,SE,TAYLOR,ST,,Resid,1260,R623624,,R623624
97216,2006-10-13,11603,SE,MADISON,ST,,Resid,1154,R602576,,R602576
97216,2011-04-27,11701,SE,STARK,ST,,Comm,8699,R293688,,R293688
97216,2011-02-10,11721,SE,SALMON,ST,,Resid,8264,R293586,,R293586
97217,2011-05-31,221,N,STAFFORD,ST,,Resid,8958,R649754,,R649754
97217,2008-08-19,531,N,BRIDGETON,RD,,Resid,4160,R314484,,R314484
97217,2012-10-05,845,N,WATTS,ST,,Resid,12194,R656371,,R656371
97217,2007-08-20,1107,N,KILPATRICK,ST,,Comm,2754,R160052,,R160052
97217,2009-09-29,1821,N,FARRAGUT,ST,,Resid,5662,R196408,,R196408
97217,2014-08-22,1868,N,LOMBARD,ST,,Comm,16949,R313479,,R313479
97217,2011-03-23,1935,N,KILLINGSWORTH,ST,,Comm,8502,R233689,,R233689
97217,2013-11-10,2121,N,MCCLELLAN,ST,,Resid,14988,R196215,,R196215
97217,2011-11-10,2124,N,KILLINGSWORTH,ST,,Comm,9968,R284252,,R284252
97217,2014-08-21,2201,N,KILLINGSWORTH,ST,,Comm,16939,R168281,,R168281
97217,2006-09-08,3939,N,MARINE,DR,,Resid,1010,R323380,,R323380
97217,2008-08-12,4307,N,COMMERCIAL,AVE,,Resid,4139,R130889,,R130889
97217,2009-08-04,4828,N,WILLIAMS,AVE,,Comm,5391,R658969,,R658969
97217,2009-08-04,4828,N,WILLIAMS,AVE,,Resid,5392,R658969,,R658969
97217,2014-12-03,5036,N,ALBINA,AVE,,Comm,17727,R210858,,R210858
97217,2012-08-07,5314,N,BORTHWICK,AVE,,Resid,11743,R654444,,R654444
97217,2007-04-02,6525,N,MARYLAND,AVE,,Resid,1883,R611067,,R611067
97217,2007-09-28,6805,N,VANCOUVER,AVE,,Resid,2946,R626467,,R626467
97217,2012-01-12,6941,N,MONTANA,AVE,,Resid,10282,R171856,,R171856
97217,2008-07-09,8114,N,MISSISSIPPI,AVE,,Comm,4004,R160031,,R160031
97218,2013-09-03,4318,NE,CULLY,BLVD,,Comm,14503,R139048,,R139048
97218,2013-11-22,4429,NE,80TH,AVE,,Resid,15085,R220362,,R220362
97218,2014-03-28,4530,NE,42ND,AVE,,Comm,15798,R238787,,R238787
97218,2010-08-06,4545,NE,76TH,AVE,,Resid,7318,R318348,,R318348
97218,2010-07-28,4579,NE,CULLY,BLVD,,Comm,7256,R115697,,R115697
97218,2012-05-11,4579,NE,CULLY,BLVD,,Comm,11050,R115697,,R115697
97218,2008-10-13,4579,NE,CULLY,BLVD,,Comm,4420,R115697,,R115697
97218,2010-10-28,4663,NE,KILLINGSWORTH,ST,,Resid,7748,R110082,,R110082
97218,2007-06-27,4936,NE,SKIDMORE,ST,,Comm,2440,R189504,,R189504
97218,2011-10-18,5291,NE,52ND,AVE,,Resid,9836,R614458,,R614458
97218,2009-06-29,5302,NE,42ND,AVE,,Comm,5222,R103950,,R103950
97218,2014-05-02,5305,NE,57TH,AVE,,Resid,16078,R318130,,R318130
97218,2013-01-14,5535,NE,ALBERTA,ST,,Resid,12817,R317954,,R317954
97218,2014-11-26,6208,NE,KILLINGSWORTH,ST,,Comm,17696,R318176,,R318176
97218,2013-08-02,6810,NE,47TH,AVE,,Comm,14279,R208328,,R208328
97219,2012-11-01,1103,SW,TAYLORS FERRY,RD,,Comm,12393,R127806,,R127806
97219,2014-05-02,1934,SW,MOSS,ST,,Resid,16080,R330175,,R330175
97219,2006-07-10,3035,SW,VESTA,ST,,Resid,754,R228559,,R228559
97219,2009-11-16,3421,SW,MOSS,ST,,Comm,5903,R306361,,R306361
97219,2013-06-14,3530,SW,MULTNOMAH,BLVD,,Comm,13853,R237394,,R237394
97219,2012-10-01,3636,SW,TROY,ST,,Comm,12164,R306381,,R306381
97219,2014-08-31,3674,SW,SPRING GARDEN,CT,,Resid,17038,R272443,,R272443
97219,2014-05-30,4714,SW,VACUNA,ST,,Resid,16301,R302988,,R302988
97219,2011-05-26,4987,SW,EVELYN,ST,,Resid,8920,R212545,,R212545
97219,2012-01-27,5206,SW,CUSTER,ST,,Comm,10368,R199226,,R199226
97219,2014-05-01,5435,SW,TAYLORS FERRY,RD,,Comm,16065,R301926,,R301926
97219,2008-06-06,5435,SW,TAYLORS FERRY,RD,,Comm,3858,R301926,,R301926
97219,2006-06-20,5525,SW,FLORIDA,ST,,Resid,666,R639677,,R639677
97219,2013-11-21,6450,SW,ORCHID,ST,,Resid,15067,R109932,,R109932
97219,2007-12-26,7435,SW,CAPITOL,HWY,,Comm,3272,R122945,,R122945
97219,2013-04-25,8421,SW,TERWILLIGER,BLVD,,Comm,13450,R128055,,R128055
97219,2008-07-31,8430,SW,22ND,AVE,,Comm,4091,R103566,,R103566
97219,2006-04-21,8605,SW,TERWILLIGER,BLVD,,Comm,398,R128015,,R128015
97219,2014-07-15,10524,SW,53RD,AVE,,Resid,16655,R142878,,R142878
97219,2006-05-31,10635,SW,40TH,AVE,,Resid,569,R617648,,R617648
97219,2014-11-21,10929,SW,CAPITOL,HWY,,Comm,17655,R302273,,R302273
97220,2006-03-09,207,NE,104TH,AVE,,Resid,227,R602432,,R602432
97220,2008-08-07,840,NE,112TH,AVE,,Resid,4115,R270334,,R270334
97220,2008-08-11,1001,NE,119TH,AVE,,Resid,4134,R166600,,R166600
97220,2011-08-23,3103,NE,82ND,AVE,,Comm,9495,R173852,,R173852
97220,2013-03-25,3723,NE,82ND,AVE,,Resid,13238,R653174,,R653174
97220,2012-05-23,4402,NE,112TH,AVE,,Resid,11140,R149825,,R149825
97220,2007-04-05,4534,NE,87TH,AVE,,Resid,1901,R262112,,R262112
97220,2008-10-01,4726,NE,111TH,AVE,,Comm,4370,R234986,,R234986
97220,2013-03-14,4839,NE,106TH,AVE,,Comm,13146,R235055,,R235055
97220,2012-08-31,4844,NE,103RD,AVE,,Comm,11945,R235090,,R235090
97220,2013-09-06,4847,NE,99TH,AVE,,Comm,14529,R235761,,R235761
97220,2008-02-15,4906,NE,100TH,AVE,,Comm,3439,R235723,,R235723
97220,2014-11-06,4999,NE,99TH,AVE,,Comm,17536,R235760,,R235760
97220,2008-05-14,5126,NE,102ND,AVE,,Comm,3754,R235695,,R235695
97220,2010-02-11,8413,NE,GOING,PL,,Resid,6284,R178647,,R178647
97220,2009-09-30,8437,NE,HALSEY,ST,,Comm,5675,R251414,,R251414
97220,2006-03-22,8504,NE,GLISAN,ST,,Resid,281,R646109,,R646109
97220,2011-10-17,8504,NE,GLISAN,ST,,Resid,9831,R646109,,R646109
97220,2009-07-28,8936,NE,THOMPSON,ST,,Resid,5355,R162088,,R162088
97220,2012-07-01,9423,NE,SACRAMENTO,ST,,Resid,11470,R250858,,R250858
97220,2013-11-27,10334,NE,SIMPSON,ST,,Comm,15120,R235916,,R235916
97220,2008-09-05,10410,NE,SANDY,BLVD,,Comm,4242,R235072,,R235072
97220,2010-03-31,10643,NE,SISKIYOU,ST,,Resid,6518,R217804,,R217804
97220,2008-11-21,10721,NE,SANDY,BLVD,,Comm,4558,R235667,,R235667
97220,2013-10-30,10820,NE,SIMPSON,ST,,Comm,14900,R235930,,R235930
97220,2010-10-28,11120,NE,MARX,ST,,Comm,7749,R235823,,R235823
97220,2006-05-26,11447,NE,HOLMAN,ST,,Comm,551,R236004,,R236004
97220,2009-12-28,11636,NE,SANDY,BLVD,,Comm,6102,R265747,,R265747
97220,2008-10-30,12112,NE,SAN RAFAEL,ST,,Resid,4485,R178027,,R178027
97221,2009-07-27,1200,SW,61ST,DR,,Resid,5347,R326989,,R326989
97221,2013-11-08,3701,SW,38TH,AVE,,Resid,14981,R327542,,R327542
97221,2006-10-13,3822,SW,CULLEN,BLVD,,Resid,1156,R239564,,R239564
97221,2007-04-11,3947,SW,GREENLEAF,DR,,Resid,1931,R172825,,R172825
97221,2007-05-07,4454,SW,WYNDHAM,LN,,Resid,2105,R237386,,R237386
97221,2013-07-31,4528,SW,IDAHO,DR,,Resid,14239,R294625,,R294625
97221,2014-10-06,5144,SW,43RD,AVE,,Resid,17305,R328764,,R328764
97221,2007-04-26,5148,SW,IDAHO,ST,,Resid,2030,R294451,,R294451
97221,2013-07-31,5528,SW,SHATTUCK,RD,,Resid,14240,R329096,,R329096
97221,2011-06-14,5731,SW,DOWNS VIEW,CT,,Resid,9061,R306267,,R306267
97227,2012-10-02,341,N,IVY,ST,,Resid,12174,C118791,,C118791
97227,2009-03-11,620,N,SHAVER,ST,,Resid,4840,R633103,,R633103
97227,2008-03-14,2136,N,FLINT,AVE,,Comm,3532,R102556,,R102556
97227,2013-12-19,2752,N,WILLIAMS,AVE,,Comm,15237,R102442,,R102442
97227,2006-10-23,3510,N,KERBY,AVE,,Resid,1202,R606797,,R606797
97227,2012-05-07,3700,N,WILLIAMS,AVE,,Comm,11008,R103257,,R103257
97227,2014-08-15,4027,N,INTERSTATE,AVE,,Comm,16908,R231636,,R231636
97229,2012-05-31,2341,NW,BREWER,LN,,Resid,11199,R142431,,R142431
97229,2007-07-11,3735,NW,118TH,AVE,,Resid,2514,W449387,,W449387
97229,2009-11-09,12001,NW,HILLER,LN,,Resid,5867,W449211,,W449211
97229,2006-08-28,14120,NW,SPRINGVILLE,RD,,Resid,956,R610456,,R610456
97230,2006-11-20,226,NE,157TH,AVE,,Resid,1314,R624009,,R624009
97230,2009-11-27,636,NE,190TH,AVE,,Resid,5964,R280127,,R280127
97230,2012-06-06,1002,NE,122ND,AVE,,Comm,11245,R177874,,R177874
97230,2014-11-26,4435,NE,136TH,AVE,,Comm,17700,R253965,,R253965
97230,2014-10-03,12917,NE,PACIFIC,ST,,Resid,17299,R252481,,R252481
97230,2012-11-02,14011,NE,FREMONT,CT,,Resid,12410,R186269,,R186269
97230,2014-10-27,17905,NE,GLISAN,ST,,Comm,17450,R321552,,R321552
97230,2006-06-15,18525,NE,MARINE,DR,,Resid,648,R320302,,R320302
97230,2006-02-10,18525,NE,MARINE,DR,,Resid,113,R320302,,R320302
97230,2006-05-12,18525,NE,MARINE,DR,,Resid,482,R320302,,R320302
97230,2009-01-28,18699,NE,MARINE,DR,,Resid,4719,R320312,,R320312
97230,2011-05-09,18989,NE,MARINE,DR,,Resid,8794,R320295,,R320295
97230,2009-02-18,19606,NE,MARINE,DR,,Resid,4776,R320283,,R320283
97231,2007-06-27,13946,NW,CHARLTON,RD,,Resid,2442,R191334,,R191334
97231,2007-02-01,26400,NW,ST HELENS,RD,,Resid,1584,R326168,,R326168
97232,2014-07-07,440,NE,28TH,AVE,,Comm,16600,R177570,,R177570
97232,2011-06-15,1509,NE,10TH,AVE,,Resid,9079,R593772,,R593772
97232,2013-10-28,2228,NE,GLISAN,ST,,Comm,14888,R122160,,R122160
97232,2006-11-06,3151,NE,SANDY,BLVD,,Comm,1269,R203044,,R203044
97232,2013-06-01,3602,NE,SANDY,BLVD,,Comm,13753,R202972,,R202972
97233,2009-01-22,439,SE,167TH,AVE,,Resid,4709,R139364,,R139364
97233,2009-12-30,1045,SE,122ND,AVE,,Comm,6119,R332076,,R332076
97233,2011-07-20,1466,SE,175TH,PL,,Resid,9279,R217693,,R217693
97233,2008-06-30,1945,SE,143RD,AVE,,Resid,3960,R263531,,R263531
97233,2011-12-29,1945,SE,150TH,AVE,,Resid,10233,R653739,,R653739
97233,2013-03-30,2124,SE,176TH,AVE,,Resid,13286,R132273,,R132273
97233,2011-06-28,2150,SE,130TH,AVE,,Resid,9156,R144002,,R144002
97233,2014-08-13,12431,SE,CARUTHERS,ST,,Resid,16887,R207546,,R207546
97233,2010-08-27,15221,E,BURNSIDE,ST,,Resid,7419,R652774,,R652774
97233,2008-09-16,16432,SE,STARK,ST,,Comm,4280,R337765,,R337765
97233,2014-08-29,17350,SE,STARK,ST,,Comm,17035,R337798,,R337798
97233,2007-12-31,17930,SE,PINE,ST,,Resid,3294,R243993,,R243993
97233,2011-07-08,17938,SE,STARK,ST,,Comm,9229,R262914,,R262914
97233,2006-12-29,18000,SE,STARK,ST,,Comm,1454,R262915,,R262915
97233,2008-03-25,18529,SE,LINCOLN,ST,,Resid,3579,R269537,,R269537
97233,2007-05-24,18531,E,BURNSIDE,ST,,Comm,2213,R209746,,R209746
97233,2011-07-05,19201,SE,STARK,ST,,Comm,9206,R241184,,R241184
97236,2010-12-05,2605,SE,164TH,AVE,,Resid,7933,R646505,,R646505
97236,2007-06-07,2715,SE,130TH,AVE,,Resid,2309,R623807,,R623807
97236,2013-11-04,3040,SE,136TH,AVE,,Resid,14944,R334382,,R334382
97236,2007-04-25,3406,SE,143RD,AVE,,Resid,2020,R629177,,R629177
97236,2010-12-30,3804,SE,130TH,AVE,,Resid,8064,R647800,,R647800
97236,2006-07-01,5342,SE,136TH,AVE,,Resid,725,R201308,,R201308
97236,2013-06-28,6236,SE,136TH,AVE,,Resid,13992,R161806,,R161806
97236,2006-03-15,6302,SE,128TH,AVE,,Comm,259,R532923,,R532923
97236,2009-12-01,12235,SE,ELLIS,ST,,Resid,5983,R636930,,R636930
97236,2006-05-17,12520,SE,POWELL,BLVD,,Comm,504,R334032,,R334032
97236,2010-10-20,13033,SE,DIVISION,ST,,Comm,7709,R144037,,R144037
97236,2007-11-19,13607,SE,POWELL,BLVD,,Comm,3132,R334508,,R334508
97236,2008-03-20,13607,SE,POWELL,BLVD,,Comm,3563,R334508,,R334508
97236,2006-10-13,13640,SE,DIVISION,ST,,Comm,1158,R334240,,R334240
97236,2012-05-16,14107,SE,STEELE,ST,,Resid,11089,R547325,,R547325
97236,2012-05-01,15231,SE,DIVISION,ST,,Comm,10970,R331722,,R331722
97236,2010-07-15,17007,SE,DIVISION,ST,,Comm,7189,R337927,,R337927
97236,2009-12-23,17218,SE,POWELL,BLVD,,Comm,6092,R281766,,R281766
97236,2011-10-07,17530,SE,DIVISION,ST,,Comm,9779,R338221,,R338221
97239,2011-05-06,1023,SW,CURRY,ST,,Comm,8787,R247222,,R247222
97239,2007-09-10,3126,SW,ILLINOIS,ST,,Resid,2858,R170058,,R170058
97239,2010-08-11,3333,SW,10TH,AVE,,Comm,7338,R247258,,R247258
97239,2008-07-15,3635,SW,HOOD,AVE,,Comm,4024,R129230,,R129230
97239,2009-08-05,4805,SW,26TH,DR,,Resid,5396,R162163,,R162163
97239,2012-03-30,5331,SW,MACADAM,AVE,,Comm,10758,R328476,,R328476
97266,2010-01-19,2536,SE,87TH,AVE,,Comm,6185,R193383,,R193383
97266,2013-07-29,2539,SE,107TH,AVE,,Comm,14200,R244290,,R244290
97266,2014-02-26,2735,SE,89TH,AVE,,Comm,15603,R193388,,R193388
97266,2008-01-11,3025,SE,118TH,AVE,,Resid,3329,R624286,,R624286
97266,2006-02-15,3203,SE,109TH,AVE,,Resid,133,R223877,,R223877
97266,2014-05-09,3612,SE,82ND,AVE,,Comm,16144,R172428,,R172428
97266,2011-04-20,4574,SE,85TH,AVE,,Resid,8666,R650439,,R650439
97266,2007-04-16,4636,SE,99TH,AVE,,Resid,1964,R620673,,R620673
97266,2012-12-28,5754,SE,82ND,AVE,,Comm,12758,R159049,,R159049
97266,2006-12-05,5904,SE,85TH,AVE,,Resid,1369,R159133,,R159133
97266,2008-06-16,5933,SE,92ND,AVE,,Comm,3900,R221700,,R221700
97266,2012-09-25,6125,SE,86TH,AVE,,Resid,12102,R657384,,R657384
97266,2009-03-03,6427,SE,85TH,AVE,,Resid,4816,R108080,,R108080
97266,2008-05-20,6539,SE,94TH,AVE,,Resid,3775,R240171,,R240171
97266,2010-04-05,6704,SE,91ST,AVE,,Resid,6538,R194286,,R194286
97266,2009-03-13,7115,SE,92ND,AVE,,Comm,4846,R183136,,R183136
97266,2011-07-27,7415,SE,92ND,AVE,,Comm,9327,R183237,,R183237
97266,2012-01-11,7812,SE,82ND,AVE,,Comm,10278,R146033,,R146033
97266,2012-05-01,8228,SE,DIVISION,ST,,Comm,10972,R106331,,R106331
97266,2006-05-19,8310,SE,KNAPP,ST,,Resid,517,R624972,,R624972
97266,2008-09-04,8330,SE,FOSTER,RD,,Comm,4236,R159059,,R159059
97266,2008-09-04,8330,SE,FOSTER,RD,,Comm,4237,R159059,,R159059
97266,2007-11-01,8355,SE,POWELL,BLVD,,Comm,3072,R333484,,R333484
97266,2006-01-09,8400,SE,DIVISION,ST,,Comm,27,R106341,,R106341
97266,2007-08-17,8409,SE,DIVISION,ST,,Comm,2745,R202004,,R202004
97266,2006-04-14,8505,SE,DUKE,ST,,Resid,380,R645109,,R645109
97266,2012-01-17,8530,SE,FOSTER,RD,,Comm,10306,R159094,,R159094
97266,2008-03-24,8805,SE,HENDERSON,ST,,Resid,3575,R183202,,R183202
97266,2013-10-16,8828,SE,DIVISION,ST,,Comm,14817,R193367,,R193367
97266,2008-12-19,9231,SE,FOSTER,RD,,Comm,4644,R115527,,R115527
97266,2012-05-21,10561,SE,DIVISION,ST,,Comm,11123,R332002,,R332002
97266,2009-06-10,11605,SE,POWELL,BLVD,,Comm,5128,R253203,,R253203
97266,2008-09-10,11811,SE,HAROLD,ST,,Comm,4255,R335565,,R335565
97266,2011-01-20,11841,SE,FOSTER,RD,,Comm,8157,R335598,,R335598
97266,2009-08-18,12130,SE,FOSTER,RD,,Comm,5462,R238894,,R238894
97266,2009-12-07,12140,SE,FOSTER,RD,,Comm,6014,R165845,,R165845
